{"overall": {"precision": 0.8502236798029024, "recall": 0.8379888268156425, "f1": 0.8301969850994222, "num_samples": 179.0}, "class": {"0": {"precision": 0.8106060606060606, "recall": 0.963963963963964, "f1": 0.8806584362139919, "num_samples": 111.0}, "1": {"precision": 0.9148936170212766, "recall": 0.6323529411764706, "f1": 0.7478260869565218, "num_samples": 68.0}}}